time,PRCPTOT,stn,lon,lat
1901-01-16,184.6,8.0,28.75,-20.25
1901-02-15,119.9,8.0,28.75,-20.25
1901-03-16,103.4,8.0,28.75,-20.25
1901-04-16,17.5,8.0,28.75,-20.25
1901-05-16,0.5,8.0,28.75,-20.25
1901-06-16,2.5,8.0,28.75,-20.25
1901-07-16,0.1,8.0,28.75,-20.25
1901-08-16,1.0,8.0,28.75,-20.25
1901-09-16,10.0,8.0,28.75,-20.25
1901-10-16,27.7,8.0,28.75,-20.25
1901-11-16,96.4,8.0,28.75,-20.25
1901-12-16,225.40001,8.0,28.75,-20.25
1902-01-16,171.2,8.0,28.75,-20.25
1902-02-15,75.700005,8.0,28.75,-20.25
1902-03-16,80.0,8.0,28.75,-20.25
1902-04-16,35.7,8.0,28.75,-20.25
1902-05-16,0.1,8.0,28.75,-20.25
1902-06-16,0.0,8.0,28.75,-20.25
1902-07-16,0.0,8.0,28.75,-20.25
1902-08-16,0.0,8.0,28.75,-20.25
1902-09-16,11.8,8.0,28.75,-20.25
1902-10-16,40.3,8.0,28.75,-20.25
1902-11-16,135.1,8.0,28.75,-20.25
1902-12-16,38.3,8.0,28.75,-20.25
1903-01-16,166.40001,8.0,28.75,-20.25
1903-02-15,25.4,8.0,28.75,-20.25
1903-03-16,52.7,8.0,28.75,-20.25
1903-04-16,19.800001,8.0,28.75,-20.25
1903-05-16,16.5,8.0,28.75,-20.25
1903-06-16,0.0,8.0,28.75,-20.25
1903-07-16,0.0,8.0,28.75,-20.25
1903-08-16,0.1,8.0,28.75,-20.25
1903-09-16,0.3,8.0,28.75,-20.25
1903-10-16,32.600002,8.0,28.75,-20.25
1903-11-16,129.7,8.0,28.75,-20.25
1903-12-16,89.4,8.0,28.75,-20.25
1904-01-16,198.8,8.0,28.75,-20.25
1904-02-15,41.2,8.0,28.75,-20.25
1904-03-16,113.1,8.0,28.75,-20.25
1904-04-16,9.900001,8.0,28.75,-20.25
1904-05-16,8.3,8.0,28.75,-20.25
1904-06-16,0.3,8.0,28.75,-20.25
1904-07-16,0.3,8.0,28.75,-20.25
1904-08-16,0.0,8.0,28.75,-20.25
1904-09-16,0.0,8.0,28.75,-20.25
1904-10-16,66.1,8.0,28.75,-20.25
1904-11-16,82.9,8.0,28.75,-20.25
1904-12-16,107.5,8.0,28.75,-20.25
1905-01-16,66.8,8.0,28.75,-20.25
1905-02-15,159.5,8.0,28.75,-20.25
1905-03-16,58.2,8.0,28.75,-20.25
1905-04-16,2.9,8.0,28.75,-20.25
1905-05-16,8.900001,8.0,28.75,-20.25
1905-06-16,0.0,8.0,28.75,-20.25
1905-07-16,1.3000001,8.0,28.75,-20.25
1905-08-16,0.0,8.0,28.75,-20.25
1905-09-16,0.4,8.0,28.75,-20.25
1905-10-16,1.0,8.0,28.75,-20.25
1905-11-16,23.300001,8.0,28.75,-20.25
1905-12-16,116.4,8.0,28.75,-20.25
1906-01-16,150.2,8.0,28.75,-20.25
1906-02-15,181.7,8.0,28.75,-20.25
1906-03-16,53.5,8.0,28.75,-20.25
1906-04-16,7.7000003,8.0,28.75,-20.25
1906-05-16,1.3000001,8.0,28.75,-20.25
1906-06-16,0.3,8.0,28.75,-20.25
1906-07-16,0.2,8.0,28.75,-20.25
1906-08-16,0.3,8.0,28.75,-20.25
1906-09-16,2.0,8.0,28.75,-20.25
1906-10-16,69.4,8.0,28.75,-20.25
1906-11-16,78.9,8.0,28.75,-20.25
1906-12-16,101.6,8.0,28.75,-20.25
1907-01-16,134.6,8.0,28.75,-20.25
1907-02-15,204.90001,8.0,28.75,-20.25
1907-03-16,21.800001,8.0,28.75,-20.25
1907-04-16,50.7,8.0,28.75,-20.25
1907-05-16,5.9,8.0,28.75,-20.25
1907-06-16,1.6,8.0,28.75,-20.25
1907-07-16,3.7,8.0,28.75,-20.25
1907-08-16,2.3,8.0,28.75,-20.25
1907-09-16,3.1000001,8.0,28.75,-20.25
1907-10-16,38.3,8.0,28.75,-20.25
1907-11-16,140.5,8.0,28.75,-20.25
1907-12-16,130.0,8.0,28.75,-20.25
1908-01-16,108.1,8.0,28.75,-20.25
1908-02-15,95.200005,8.0,28.75,-20.25
1908-03-16,45.3,8.0,28.75,-20.25
1908-04-16,12.5,8.0,28.75,-20.25
1908-05-16,4.3,8.0,28.75,-20.25
1908-06-16,0.0,8.0,28.75,-20.25
1908-07-16,0.0,8.0,28.75,-20.25
1908-08-16,0.0,8.0,28.75,-20.25
1908-09-16,0.0,8.0,28.75,-20.25
1908-10-16,20.6,8.0,28.75,-20.25
1908-11-16,119.4,8.0,28.75,-20.25
1908-12-16,104.200005,8.0,28.75,-20.25
1909-01-16,247.2,8.0,28.75,-20.25
1909-02-15,95.4,8.0,28.75,-20.25
1909-03-16,88.700005,8.0,28.75,-20.25
1909-04-16,7.6,8.0,28.75,-20.25
1909-05-16,5.3,8.0,28.75,-20.25
1909-06-16,0.5,8.0,28.75,-20.25
1909-07-16,1.7,8.0,28.75,-20.25
1909-08-16,0.0,8.0,28.75,-20.25
1909-09-16,2.5,8.0,28.75,-20.25
1909-10-16,21.0,8.0,28.75,-20.25
1909-11-16,40.8,8.0,28.75,-20.25
1909-12-16,171.2,8.0,28.75,-20.25
1910-01-16,63.7,8.0,28.75,-20.25
1910-02-15,137.40001,8.0,28.75,-20.25
1910-03-16,157.7,8.0,28.75,-20.25
1910-04-16,8.1,8.0,28.75,-20.25
1910-05-16,1.3000001,8.0,28.75,-20.25
1910-06-16,0.3,8.0,28.75,-20.25
1910-07-16,4.8,8.0,28.75,-20.25
1910-08-16,1.6,8.0,28.75,-20.25
1910-09-16,0.0,8.0,28.75,-20.25
1910-10-16,66.1,8.0,28.75,-20.25
1910-11-16,97.3,8.0,28.75,-20.25
1910-12-16,93.0,8.0,28.75,-20.25
1911-01-16,199.6,8.0,28.75,-20.25
1911-02-15,140.40001,8.0,28.75,-20.25
1911-03-16,49.3,8.0,28.75,-20.25
1911-04-16,15.8,8.0,28.75,-20.25
1911-05-16,29.6,8.0,28.75,-20.25
1911-06-16,2.4,8.0,28.75,-20.25
1911-07-16,0.0,8.0,28.75,-20.25
1911-08-16,0.1,8.0,28.75,-20.25
1911-09-16,0.2,8.0,28.75,-20.25
1911-10-16,29.9,8.0,28.75,-20.25
1911-11-16,40.8,8.0,28.75,-20.25
1911-12-16,81.3,8.0,28.75,-20.25
1912-01-16,120.9,8.0,28.75,-20.25
1912-02-15,39.3,8.0,28.75,-20.25
1912-03-16,28.6,8.0,28.75,-20.25
1912-04-16,19.7,8.0,28.75,-20.25
1912-05-16,13.3,8.0,28.75,-20.25
1912-06-16,1.1,8.0,28.75,-20.25
1912-07-16,0.6,8.0,28.75,-20.25
1912-08-16,0.0,8.0,28.75,-20.25
1912-09-16,0.7,8.0,28.75,-20.25
1912-10-16,3.7,8.0,28.75,-20.25
1912-11-16,13.0,8.0,28.75,-20.25
1912-12-16,65.0,8.0,28.75,-20.25
1913-01-16,43.3,8.0,28.75,-20.25
1913-02-15,190.90001,8.0,28.75,-20.25
1913-03-16,32.0,8.0,28.75,-20.25
1913-04-16,76.9,8.0,28.75,-20.25
1913-05-16,14.0,8.0,28.75,-20.25
1913-06-16,0.0,8.0,28.75,-20.25
1913-07-16,0.0,8.0,28.75,-20.25
1913-08-16,0.5,8.0,28.75,-20.25
1913-09-16,5.2000003,8.0,28.75,-20.25
1913-10-16,26.800001,8.0,28.75,-20.25
1913-11-16,60.100002,8.0,28.75,-20.25
1913-12-16,37.0,8.0,28.75,-20.25
1914-01-16,89.200005,8.0,28.75,-20.25
1914-02-15,161.2,8.0,28.75,-20.25
1914-03-16,10.2,8.0,28.75,-20.25
1914-04-16,13.7,8.0,28.75,-20.25
1914-05-16,10.1,8.0,28.75,-20.25
1914-06-16,0.0,8.0,28.75,-20.25
1914-07-16,1.4,8.0,28.75,-20.25
1914-08-16,1.4,8.0,28.75,-20.25
1914-09-16,0.0,8.0,28.75,-20.25
1914-10-16,0.1,8.0,28.75,-20.25
1914-11-16,83.700005,8.0,28.75,-20.25
1914-12-16,321.80002,8.0,28.75,-20.25
1915-01-16,268.6,8.0,28.75,-20.25
1915-02-15,113.9,8.0,28.75,-20.25
1915-03-16,69.200005,8.0,28.75,-20.25
1915-04-16,13.900001,8.0,28.75,-20.25
1915-05-16,12.0,8.0,28.75,-20.25
1915-06-16,0.4,8.0,28.75,-20.25
1915-07-16,2.3,8.0,28.75,-20.25
1915-08-16,0.1,8.0,28.75,-20.25
1915-09-16,8.7,8.0,28.75,-20.25
1915-10-16,29.1,8.0,28.75,-20.25
1915-11-16,73.8,8.0,28.75,-20.25
1915-12-16,55.2,8.0,28.75,-20.25
1916-01-16,87.4,8.0,28.75,-20.25
1916-02-15,42.5,8.0,28.75,-20.25
1916-03-16,50.5,8.0,28.75,-20.25
1916-04-16,12.5,8.0,28.75,-20.25
1916-05-16,0.3,8.0,28.75,-20.25
1916-06-16,0.0,8.0,28.75,-20.25
1916-07-16,0.0,8.0,28.75,-20.25
1916-08-16,0.3,8.0,28.75,-20.25
1916-09-16,5.6,8.0,28.75,-20.25
1916-10-16,2.0,8.0,28.75,-20.25
1916-11-16,76.1,8.0,28.75,-20.25
1916-12-16,202.6,8.0,28.75,-20.25
1917-01-16,73.200005,8.0,28.75,-20.25
1917-02-15,58.2,8.0,28.75,-20.25
1917-03-16,36.8,8.0,28.75,-20.25
1917-04-16,27.4,8.0,28.75,-20.25
1917-05-16,24.1,8.0,28.75,-20.25
1917-06-16,0.90000004,8.0,28.75,-20.25
1917-07-16,0.0,8.0,28.75,-20.25
1917-08-16,0.4,8.0,28.75,-20.25
1917-09-16,0.4,8.0,28.75,-20.25
1917-10-16,7.7000003,8.0,28.75,-20.25
1917-11-16,104.1,8.0,28.75,-20.25
1917-12-16,270.6,8.0,28.75,-20.25
1918-01-16,265.30002,8.0,28.75,-20.25
1918-02-15,144.1,8.0,28.75,-20.25
1918-03-16,129.90001,8.0,28.75,-20.25
1918-04-16,1.4,8.0,28.75,-20.25
1918-05-16,2.8,8.0,28.75,-20.25
1918-06-16,0.0,8.0,28.75,-20.25
1918-07-16,1.1,8.0,28.75,-20.25
1918-08-16,0.8,8.0,28.75,-20.25
1918-09-16,0.4,8.0,28.75,-20.25
1918-10-16,3.6000001,8.0,28.75,-20.25
1918-11-16,65.0,8.0,28.75,-20.25
1918-12-16,126.5,8.0,28.75,-20.25
1919-01-16,286.30002,8.0,28.75,-20.25
1919-02-15,123.5,8.0,28.75,-20.25
1919-03-16,28.5,8.0,28.75,-20.25
1919-04-16,3.4,8.0,28.75,-20.25
1919-05-16,2.0,8.0,28.75,-20.25
1919-06-16,0.0,8.0,28.75,-20.25
1919-07-16,0.0,8.0,28.75,-20.25
1919-08-16,0.0,8.0,28.75,-20.25
1919-09-16,10.1,8.0,28.75,-20.25
1919-10-16,23.6,8.0,28.75,-20.25
1919-11-16,101.3,8.0,28.75,-20.25
1919-12-16,99.200005,8.0,28.75,-20.25
1920-01-16,161.5,8.0,28.75,-20.25
1920-02-15,181.0,8.0,28.75,-20.25
1920-03-16,74.9,8.0,28.75,-20.25
1920-04-16,3.2,8.0,28.75,-20.25
1920-05-16,23.4,8.0,28.75,-20.25
1920-06-16,0.0,8.0,28.75,-20.25
1920-07-16,0.0,8.0,28.75,-20.25
1920-08-16,0.0,8.0,28.75,-20.25
1920-09-16,0.90000004,8.0,28.75,-20.25
1920-10-16,44.100002,8.0,28.75,-20.25
1920-11-16,31.4,8.0,28.75,-20.25
1920-12-16,107.700005,8.0,28.75,-20.25
1921-01-16,162.1,8.0,28.75,-20.25
1921-02-15,167.0,8.0,28.75,-20.25
1921-03-16,183.8,8.0,28.75,-20.25
1921-04-16,23.300001,8.0,28.75,-20.25
1921-05-16,28.4,8.0,28.75,-20.25
1921-06-16,0.90000004,8.0,28.75,-20.25
1921-07-16,0.1,8.0,28.75,-20.25
1921-08-16,0.0,8.0,28.75,-20.25
1921-09-16,1.0,8.0,28.75,-20.25
1921-10-16,20.0,8.0,28.75,-20.25
1921-11-16,129.40001,8.0,28.75,-20.25
1921-12-16,114.6,8.0,28.75,-20.25
1922-01-16,19.300001,8.0,28.75,-20.25
1922-02-15,41.8,8.0,28.75,-20.25
1922-03-16,40.9,8.0,28.75,-20.25
1922-04-16,0.7,8.0,28.75,-20.25
1922-05-16,20.800001,8.0,28.75,-20.25
1922-06-16,0.0,8.0,28.75,-20.25
1922-07-16,0.0,8.0,28.75,-20.25
1922-08-16,0.0,8.0,28.75,-20.25
1922-09-16,0.1,8.0,28.75,-20.25
1922-10-16,62.8,8.0,28.75,-20.25
1922-11-16,73.5,8.0,28.75,-20.25
1922-12-16,68.9,8.0,28.75,-20.25
1923-01-16,227.8,8.0,28.75,-20.25
1923-02-15,173.90001,8.0,28.75,-20.25
1923-03-16,155.40001,8.0,28.75,-20.25
1923-04-16,0.5,8.0,28.75,-20.25
1923-05-16,0.6,8.0,28.75,-20.25
1923-06-16,0.0,8.0,28.75,-20.25
1923-07-16,0.0,8.0,28.75,-20.25
1923-08-16,0.0,8.0,28.75,-20.25
1923-09-16,1.0,8.0,28.75,-20.25
1923-10-16,3.5,8.0,28.75,-20.25
1923-11-16,49.9,8.0,28.75,-20.25
1923-12-16,72.3,8.0,28.75,-20.25
1924-01-16,47.100002,8.0,28.75,-20.25
1924-02-15,71.6,8.0,28.75,-20.25
1924-03-16,122.0,8.0,28.75,-20.25
1924-04-16,0.5,8.0,28.75,-20.25
1924-05-16,4.1,8.0,28.75,-20.25
1924-06-16,0.0,8.0,28.75,-20.25
1924-07-16,0.0,8.0,28.75,-20.25
1924-08-16,0.3,8.0,28.75,-20.25
1924-09-16,0.0,8.0,28.75,-20.25
1924-10-16,34.5,8.0,28.75,-20.25
1924-11-16,124.3,8.0,28.75,-20.25
1924-12-16,265.80002,8.0,28.75,-20.25
1925-01-16,232.8,8.0,28.75,-20.25
1925-02-15,178.3,8.0,28.75,-20.25
1925-03-16,209.3,8.0,28.75,-20.25
1925-04-16,77.3,8.0,28.75,-20.25
1925-05-16,42.4,8.0,28.75,-20.25
1925-06-16,0.0,8.0,28.75,-20.25
1925-07-16,4.2000003,8.0,28.75,-20.25
1925-08-16,0.0,8.0,28.75,-20.25
1925-09-16,27.2,8.0,28.75,-20.25
1925-10-16,18.7,8.0,28.75,-20.25
1925-11-16,31.9,8.0,28.75,-20.25
1925-12-16,37.8,8.0,28.75,-20.25
1926-01-16,118.0,8.0,28.75,-20.25
1926-02-15,215.40001,8.0,28.75,-20.25
1926-03-16,169.5,8.0,28.75,-20.25
1926-04-16,2.0,8.0,28.75,-20.25
1926-05-16,10.400001,8.0,28.75,-20.25
1926-06-16,0.0,8.0,28.75,-20.25
1926-07-16,0.7,8.0,28.75,-20.25
1926-08-16,0.0,8.0,28.75,-20.25
1926-09-16,2.1000001,8.0,28.75,-20.25
1926-10-16,13.7,8.0,28.75,-20.25
1926-11-16,39.9,8.0,28.75,-20.25
1926-12-16,119.3,8.0,28.75,-20.25
1927-01-16,113.1,8.0,28.75,-20.25
1927-02-15,96.5,8.0,28.75,-20.25
1927-03-16,33.2,8.0,28.75,-20.25
1927-04-16,16.300001,8.0,28.75,-20.25
1927-05-16,5.2000003,8.0,28.75,-20.25
1927-06-16,0.90000004,8.0,28.75,-20.25
1927-07-16,2.0,8.0,28.75,-20.25
1927-08-16,0.0,8.0,28.75,-20.25
1927-09-16,1.5,8.0,28.75,-20.25
1927-10-16,53.3,8.0,28.75,-20.25
1927-11-16,72.3,8.0,28.75,-20.25
1927-12-16,90.0,8.0,28.75,-20.25
1928-01-16,159.40001,8.0,28.75,-20.25
1928-02-15,26.0,8.0,28.75,-20.25
1928-03-16,51.9,8.0,28.75,-20.25
1928-04-16,17.5,8.0,28.75,-20.25
1928-05-16,0.1,8.0,28.75,-20.25
1928-06-16,0.0,8.0,28.75,-20.25
1928-07-16,0.90000004,8.0,28.75,-20.25
1928-08-16,1.9,8.0,28.75,-20.25
1928-09-16,4.1,8.0,28.75,-20.25
1928-10-16,1.9,8.0,28.75,-20.25
1928-11-16,84.6,8.0,28.75,-20.25
1928-12-16,199.0,8.0,28.75,-20.25
1929-01-16,184.2,8.0,28.75,-20.25
1929-02-15,165.6,8.0,28.75,-20.25
1929-03-16,124.9,8.0,28.75,-20.25
1929-04-16,3.6000001,8.0,28.75,-20.25
1929-05-16,4.7000003,8.0,28.75,-20.25
1929-06-16,2.4,8.0,28.75,-20.25
1929-07-16,0.1,8.0,28.75,-20.25
1929-08-16,0.8,8.0,28.75,-20.25
1929-09-16,0.7,8.0,28.75,-20.25
1929-10-16,10.6,8.0,28.75,-20.25
1929-11-16,126.3,8.0,28.75,-20.25
1929-12-16,116.3,8.0,28.75,-20.25
1930-01-16,106.1,8.0,28.75,-20.25
1930-02-15,67.1,8.0,28.75,-20.25
1930-03-16,70.3,8.0,28.75,-20.25
1930-04-16,108.3,8.0,28.75,-20.25
1930-05-16,5.3,8.0,28.75,-20.25
1930-06-16,0.8,8.0,28.75,-20.25
1930-07-16,1.5,8.0,28.75,-20.25
1930-08-16,0.1,8.0,28.75,-20.25
1930-09-16,0.5,8.0,28.75,-20.25
1930-10-16,0.1,8.0,28.75,-20.25
1930-11-16,76.5,8.0,28.75,-20.25
1930-12-16,227.1,8.0,28.75,-20.25
1931-01-16,61.5,8.0,28.75,-20.25
1931-02-15,82.8,8.0,28.75,-20.25
1931-03-16,30.2,8.0,28.75,-20.25
1931-04-16,37.5,8.0,28.75,-20.25
1931-05-16,0.90000004,8.0,28.75,-20.25
1931-06-16,0.4,8.0,28.75,-20.25
1931-07-16,1.8000001,8.0,28.75,-20.25
1931-08-16,0.0,8.0,28.75,-20.25
1931-09-16,0.1,8.0,28.75,-20.25
1931-10-16,55.100002,8.0,28.75,-20.25
1931-11-16,131.1,8.0,28.75,-20.25
1931-12-16,70.200005,8.0,28.75,-20.25
1932-01-16,112.9,8.0,28.75,-20.25
1932-02-15,67.3,8.0,28.75,-20.25
1932-03-16,183.0,8.0,28.75,-20.25
1932-04-16,50.600002,8.0,28.75,-20.25
1932-05-16,6.7000003,8.0,28.75,-20.25
1932-06-16,0.0,8.0,28.75,-20.25
1932-07-16,0.0,8.0,28.75,-20.25
1932-08-16,0.90000004,8.0,28.75,-20.25
1932-09-16,3.7,8.0,28.75,-20.25
1932-10-16,4.1,8.0,28.75,-20.25
1932-11-16,39.9,8.0,28.75,-20.25
1932-12-16,209.7,8.0,28.75,-20.25
1933-01-16,210.3,8.0,28.75,-20.25
1933-02-15,40.4,8.0,28.75,-20.25
1933-03-16,15.7,8.0,28.75,-20.25
1933-04-16,7.9,8.0,28.75,-20.25
1933-05-16,0.0,8.0,28.75,-20.25
1933-06-16,4.0,8.0,28.75,-20.25
1933-07-16,0.2,8.0,28.75,-20.25
1933-08-16,0.2,8.0,28.75,-20.25
1933-09-16,0.3,8.0,28.75,-20.25
1933-10-16,9.5,8.0,28.75,-20.25
1933-11-16,159.3,8.0,28.75,-20.25
1933-12-16,84.3,8.0,28.75,-20.25
1934-01-16,103.5,8.0,28.75,-20.25
1934-02-15,49.3,8.0,28.75,-20.25
1934-03-16,61.8,8.0,28.75,-20.25
1934-04-16,45.4,8.0,28.75,-20.25
1934-05-16,5.5,8.0,28.75,-20.25
1934-06-16,4.3,8.0,28.75,-20.25
1934-07-16,0.3,8.0,28.75,-20.25
1934-08-16,0.5,8.0,28.75,-20.25
1934-09-16,1.1,8.0,28.75,-20.25
1934-10-16,17.5,8.0,28.75,-20.25
1934-11-16,126.5,8.0,28.75,-20.25
1934-12-16,145.3,8.0,28.75,-20.25
1935-01-16,165.0,8.0,28.75,-20.25
1935-02-15,83.1,8.0,28.75,-20.25
1935-03-16,52.8,8.0,28.75,-20.25
1935-04-16,3.0,8.0,28.75,-20.25
1935-05-16,24.6,8.0,28.75,-20.25
1935-06-16,3.2,8.0,28.75,-20.25
1935-07-16,0.4,8.0,28.75,-20.25
1935-08-16,1.5,8.0,28.75,-20.25
1935-09-16,10.400001,8.0,28.75,-20.25
1935-10-16,8.5,8.0,28.75,-20.25
1935-11-16,24.7,8.0,28.75,-20.25
1935-12-16,50.100002,8.0,28.75,-20.25
1936-01-16,117.700005,8.0,28.75,-20.25
1936-02-15,226.90001,8.0,28.75,-20.25
1936-03-16,147.1,8.0,28.75,-20.25
1936-04-16,36.100002,8.0,28.75,-20.25
1936-05-16,19.300001,8.0,28.75,-20.25
1936-06-16,2.5,8.0,28.75,-20.25
1936-07-16,2.9,8.0,28.75,-20.25
1936-08-16,0.90000004,8.0,28.75,-20.25
1936-09-16,1.3000001,8.0,28.75,-20.25
1936-10-16,46.8,8.0,28.75,-20.25
1936-11-16,167.40001,8.0,28.75,-20.25
1936-12-16,92.1,8.0,28.75,-20.25
1937-01-16,98.9,8.0,28.75,-20.25
1937-02-15,207.1,8.0,28.75,-20.25
1937-03-16,47.4,8.0,28.75,-20.25
1937-04-16,14.400001,8.0,28.75,-20.25
1937-05-16,3.2,8.0,28.75,-20.25
1937-06-16,0.0,8.0,28.75,-20.25
1937-07-16,0.8,8.0,28.75,-20.25
1937-08-16,0.4,8.0,28.75,-20.25
1937-09-16,0.6,8.0,28.75,-20.25
1937-10-16,10.400001,8.0,28.75,-20.25
1937-11-16,32.3,8.0,28.75,-20.25
1937-12-16,188.40001,8.0,28.75,-20.25
1938-01-16,170.7,8.0,28.75,-20.25
1938-02-15,44.9,8.0,28.75,-20.25
1938-03-16,29.800001,8.0,28.75,-20.25
1938-04-16,47.3,8.0,28.75,-20.25
1938-05-16,0.5,8.0,28.75,-20.25
1938-06-16,1.4,8.0,28.75,-20.25
1938-07-16,0.2,8.0,28.75,-20.25
1938-08-16,0.0,8.0,28.75,-20.25
1938-09-16,1.8000001,8.0,28.75,-20.25
1938-10-16,40.2,8.0,28.75,-20.25
1938-11-16,78.5,8.0,28.75,-20.25
1938-12-16,232.90001,8.0,28.75,-20.25
1939-01-16,112.200005,8.0,28.75,-20.25
1939-02-15,293.9,8.0,28.75,-20.25
1939-03-16,125.0,8.0,28.75,-20.25
1939-04-16,7.5,8.0,28.75,-20.25
1939-05-16,22.0,8.0,28.75,-20.25
1939-06-16,8.2,8.0,28.75,-20.25
1939-07-16,2.7,8.0,28.75,-20.25
1939-08-16,4.4,8.0,28.75,-20.25
1939-09-16,20.5,8.0,28.75,-20.25
1939-10-16,38.8,8.0,28.75,-20.25
1939-11-16,125.9,8.0,28.75,-20.25
1939-12-16,116.5,8.0,28.75,-20.25
1940-01-16,86.6,8.0,28.75,-20.25
1940-02-15,114.200005,8.0,28.75,-20.25
1940-03-16,120.0,8.0,28.75,-20.25
1940-04-16,31.800001,8.0,28.75,-20.25
1940-05-16,0.5,8.0,28.75,-20.25
1940-06-16,13.1,8.0,28.75,-20.25
1940-07-16,1.4,8.0,28.75,-20.25
1940-08-16,0.6,8.0,28.75,-20.25
1940-09-16,3.4,8.0,28.75,-20.25
1940-10-16,47.4,8.0,28.75,-20.25
1940-11-16,101.9,8.0,28.75,-20.25
1940-12-16,144.5,8.0,28.75,-20.25
1941-01-16,178.6,8.0,28.75,-20.25
1941-02-15,136.3,8.0,28.75,-20.25
1941-03-16,24.2,8.0,28.75,-20.25
1941-04-16,3.7,8.0,28.75,-20.25
1941-05-16,0.0,8.0,28.75,-20.25
1941-06-16,13.3,8.0,28.75,-20.25
1941-07-16,0.3,8.0,28.75,-20.25
1941-08-16,0.5,8.0,28.75,-20.25
1941-09-16,1.4,8.0,28.75,-20.25
1941-10-16,34.7,8.0,28.75,-20.25
1941-11-16,61.2,8.0,28.75,-20.25
1941-12-16,103.3,8.0,28.75,-20.25
1942-01-16,102.8,8.0,28.75,-20.25
1942-02-15,23.7,8.0,28.75,-20.25
1942-03-16,83.200005,8.0,28.75,-20.25
1942-04-16,10.900001,8.0,28.75,-20.25
1942-05-16,12.0,8.0,28.75,-20.25
1942-06-16,3.1000001,8.0,28.75,-20.25
1942-07-16,0.90000004,8.0,28.75,-20.25
1942-08-16,0.0,8.0,28.75,-20.25
1942-09-16,6.7000003,8.0,28.75,-20.25
1942-10-16,34.5,8.0,28.75,-20.25
1942-11-16,50.4,8.0,28.75,-20.25
1942-12-16,99.6,8.0,28.75,-20.25
1943-01-16,78.9,8.0,28.75,-20.25
1943-02-15,152.2,8.0,28.75,-20.25
1943-03-16,139.40001,8.0,28.75,-20.25
1943-04-16,89.3,8.0,28.75,-20.25
1943-05-16,2.3,8.0,28.75,-20.25
1943-06-16,0.5,8.0,28.75,-20.25
1943-07-16,0.0,8.0,28.75,-20.25
1943-08-16,3.1000001,8.0,28.75,-20.25
1943-09-16,1.5,8.0,28.75,-20.25
1943-10-16,0.90000004,8.0,28.75,-20.25
1943-11-16,100.6,8.0,28.75,-20.25
1943-12-16,114.1,8.0,28.75,-20.25
1944-01-16,119.200005,8.0,28.75,-20.25
1944-02-15,274.7,8.0,28.75,-20.25
1944-03-16,25.0,8.0,28.75,-20.25
1944-04-16,11.5,8.0,28.75,-20.25
1944-05-16,0.0,8.0,28.75,-20.25
1944-06-16,6.3,8.0,28.75,-20.25
1944-07-16,0.2,8.0,28.75,-20.25
1944-08-16,0.0,8.0,28.75,-20.25
1944-09-16,0.5,8.0,28.75,-20.25
1944-10-16,58.5,8.0,28.75,-20.25
1944-11-16,47.100002,8.0,28.75,-20.25
1944-12-16,36.2,8.0,28.75,-20.25
1945-01-16,137.90001,8.0,28.75,-20.25
1945-02-15,125.9,8.0,28.75,-20.25
1945-03-16,142.7,8.0,28.75,-20.25
1945-04-16,7.0,8.0,28.75,-20.25
1945-05-16,14.1,8.0,28.75,-20.25
1945-06-16,0.0,8.0,28.75,-20.25
1945-07-16,0.4,8.0,28.75,-20.25
1945-08-16,0.0,8.0,28.75,-20.25
1945-09-16,0.7,8.0,28.75,-20.25
1945-10-16,16.300001,8.0,28.75,-20.25
1945-11-16,70.8,8.0,28.75,-20.25
1945-12-16,85.5,8.0,28.75,-20.25
1946-01-16,285.2,8.0,28.75,-20.25
1946-02-15,146.6,8.0,28.75,-20.25
1946-03-16,43.9,8.0,28.75,-20.25
1946-04-16,9.900001,8.0,28.75,-20.25
1946-05-16,1.8000001,8.0,28.75,-20.25
1946-06-16,0.90000004,8.0,28.75,-20.25
1946-07-16,0.0,8.0,28.75,-20.25
1946-08-16,0.0,8.0,28.75,-20.25
1946-09-16,1.4,8.0,28.75,-20.25
1946-10-16,10.0,8.0,28.75,-20.25
1946-11-16,71.6,8.0,28.75,-20.25
1946-12-16,67.4,8.0,28.75,-20.25
1947-01-16,61.3,8.0,28.75,-20.25
1947-02-15,45.600002,8.0,28.75,-20.25
1947-03-16,61.8,8.0,28.75,-20.25
1947-04-16,11.0,8.0,28.75,-20.25
1947-05-16,0.0,8.0,28.75,-20.25
1947-06-16,3.3,8.0,28.75,-20.25
1947-07-16,0.7,8.0,28.75,-20.25
1947-08-16,0.0,8.0,28.75,-20.25
1947-09-16,32.8,8.0,28.75,-20.25
1947-10-16,31.4,8.0,28.75,-20.25
1947-11-16,74.200005,8.0,28.75,-20.25
1947-12-16,180.2,8.0,28.75,-20.25
1948-01-16,72.6,8.0,28.75,-20.25
1948-02-15,83.5,8.0,28.75,-20.25
1948-03-16,210.1,8.0,28.75,-20.25
1948-04-16,45.600002,8.0,28.75,-20.25
1948-05-16,7.9,8.0,28.75,-20.25
1948-06-16,0.1,8.0,28.75,-20.25
1948-07-16,1.3000001,8.0,28.75,-20.25
1948-08-16,0.1,8.0,28.75,-20.25
1948-09-16,0.4,8.0,28.75,-20.25
1948-10-16,109.200005,8.0,28.75,-20.25
1948-11-16,101.0,8.0,28.75,-20.25
1948-12-16,49.100002,8.0,28.75,-20.25
1949-01-16,108.1,8.0,28.75,-20.25
1949-02-15,64.700005,8.0,28.75,-20.25
1949-03-16,73.6,8.0,28.75,-20.25
1949-04-16,12.3,8.0,28.75,-20.25
1949-05-16,3.9,8.0,28.75,-20.25
1949-06-16,6.4,8.0,28.75,-20.25
1949-07-16,1.3000001,8.0,28.75,-20.25
1949-08-16,0.0,8.0,28.75,-20.25
1949-09-16,0.3,8.0,28.75,-20.25
1949-10-16,5.8,8.0,28.75,-20.25
1949-11-16,81.8,8.0,28.75,-20.25
1949-12-16,131.3,8.0,28.75,-20.25
1950-01-16,53.4,8.0,28.75,-20.25
1950-02-15,96.1,8.0,28.75,-20.25
1950-03-16,53.0,8.0,28.75,-20.25
1950-04-16,34.7,8.0,28.75,-20.25
1950-05-16,1.3000001,8.0,28.75,-20.25
1950-06-16,0.2,8.0,28.75,-20.25
1950-07-16,0.90000004,8.0,28.75,-20.25
1950-08-16,1.3000001,8.0,28.75,-20.25
1950-09-16,3.4,8.0,28.75,-20.25
1950-10-16,6.3,8.0,28.75,-20.25
1950-11-16,51.600002,8.0,28.75,-20.25
1950-12-16,197.8,8.0,28.75,-20.25
1951-01-16,106.200005,8.0,28.75,-20.25
1951-02-15,3.8,8.0,28.75,-20.25
1951-03-16,89.6,8.0,28.75,-20.25
1951-04-16,29.800001,8.0,28.75,-20.25
1951-05-16,11.5,8.0,28.75,-20.25
1951-06-16,1.8000001,8.0,28.75,-20.25
1951-07-16,3.8,8.0,28.75,-20.25
1951-08-16,2.3,8.0,28.75,-20.25
1951-09-16,8.3,8.0,28.75,-20.25
1951-10-16,88.3,8.0,28.75,-20.25
1951-11-16,106.9,8.0,28.75,-20.25
1951-12-16,113.9,8.0,28.75,-20.25
1952-01-16,191.6,8.0,28.75,-20.25
1952-02-15,127.4,8.0,28.75,-20.25
1952-03-16,18.800001,8.0,28.75,-20.25
1952-04-16,12.6,8.0,28.75,-20.25
1952-05-16,7.4,8.0,28.75,-20.25
1952-06-16,5.0,8.0,28.75,-20.25
1952-07-16,0.0,8.0,28.75,-20.25
1952-08-16,0.0,8.0,28.75,-20.25
1952-09-16,5.2000003,8.0,28.75,-20.25
1952-10-16,32.600002,8.0,28.75,-20.25
1952-11-16,106.700005,8.0,28.75,-20.25
1952-12-16,149.6,8.0,28.75,-20.25
1953-01-16,313.7,8.0,28.75,-20.25
1953-02-15,169.7,8.0,28.75,-20.25
1953-03-16,111.700005,8.0,28.75,-20.25
1953-04-16,45.600002,8.0,28.75,-20.25
1953-05-16,14.5,8.0,28.75,-20.25
1953-06-16,0.1,8.0,28.75,-20.25
1953-07-16,0.0,8.0,28.75,-20.25
1953-08-16,0.5,8.0,28.75,-20.25
1953-09-16,0.4,8.0,28.75,-20.25
1953-10-16,15.6,8.0,28.75,-20.25
1953-11-16,172.3,8.0,28.75,-20.25
1953-12-16,70.5,8.0,28.75,-20.25
1954-01-16,194.6,8.0,28.75,-20.25
1954-02-15,124.0,8.0,28.75,-20.25
1954-03-16,27.300001,8.0,28.75,-20.25
1954-04-16,17.0,8.0,28.75,-20.25
1954-05-16,1.9,8.0,28.75,-20.25
1954-06-16,3.4,8.0,28.75,-20.25
1954-07-16,0.0,8.0,28.75,-20.25
1954-08-16,0.1,8.0,28.75,-20.25
1954-09-16,4.0,8.0,28.75,-20.25
1954-10-16,22.800001,8.0,28.75,-20.25
1954-11-16,145.8,8.0,28.75,-20.25
1954-12-16,309.4,8.0,28.75,-20.25
1955-01-16,232.40001,8.0,28.75,-20.25
1955-02-15,235.8,8.0,28.75,-20.25
1955-03-16,114.9,8.0,28.75,-20.25
1955-04-16,39.0,8.0,28.75,-20.25
1955-05-16,6.6,8.0,28.75,-20.25
1955-06-16,3.0,8.0,28.75,-20.25
1955-07-16,0.2,8.0,28.75,-20.25
1955-08-16,0.1,8.0,28.75,-20.25
1955-09-16,0.0,8.0,28.75,-20.25
1955-10-16,29.6,8.0,28.75,-20.25
1955-11-16,69.200005,8.0,28.75,-20.25
1955-12-16,161.1,8.0,28.75,-20.25
1956-01-16,30.1,8.0,28.75,-20.25
1956-02-15,172.40001,8.0,28.75,-20.25
1956-03-16,100.9,8.0,28.75,-20.25
1956-04-16,63.7,8.0,28.75,-20.25
1956-05-16,6.8,8.0,28.75,-20.25
1956-06-16,0.7,8.0,28.75,-20.25
1956-07-16,0.0,8.0,28.75,-20.25
1956-08-16,5.9,8.0,28.75,-20.25
1956-09-16,7.2000003,8.0,28.75,-20.25
1956-10-16,25.2,8.0,28.75,-20.25
1956-11-16,144.7,8.0,28.75,-20.25
1956-12-16,141.1,8.0,28.75,-20.25
1957-01-16,113.9,8.0,28.75,-20.25
1957-02-15,98.5,8.0,28.75,-20.25
1957-03-16,140.6,8.0,28.75,-20.25
1957-04-16,14.900001,8.0,28.75,-20.25
1957-05-16,5.6,8.0,28.75,-20.25
1957-06-16,0.0,8.0,28.75,-20.25
1957-07-16,0.0,8.0,28.75,-20.25
1957-08-16,0.1,8.0,28.75,-20.25
1957-09-16,9.900001,8.0,28.75,-20.25
1957-10-16,70.3,8.0,28.75,-20.25
1957-11-16,60.100002,8.0,28.75,-20.25
1957-12-16,89.6,8.0,28.75,-20.25
1958-01-16,211.8,8.0,28.75,-20.25
1958-02-15,161.2,8.0,28.75,-20.25
1958-03-16,24.800001,8.0,28.75,-20.25
1958-04-16,22.800001,8.0,28.75,-20.25
1958-05-16,2.0,8.0,28.75,-20.25
1958-06-16,2.5,8.0,28.75,-20.25
1958-07-16,0.8,8.0,28.75,-20.25
1958-08-16,3.8,8.0,28.75,-20.25
1958-09-16,24.6,8.0,28.75,-20.25
1958-10-16,52.4,8.0,28.75,-20.25
1958-11-16,45.3,8.0,28.75,-20.25
1958-12-16,199.5,8.0,28.75,-20.25
1959-01-16,188.6,8.0,28.75,-20.25
1959-02-15,82.9,8.0,28.75,-20.25
1959-03-16,39.2,8.0,28.75,-20.25
1959-04-16,9.1,8.0,28.75,-20.25
1959-05-16,14.5,8.0,28.75,-20.25
1959-06-16,3.4,8.0,28.75,-20.25
1959-07-16,0.0,8.0,28.75,-20.25
1959-08-16,0.2,8.0,28.75,-20.25
1959-09-16,1.5,8.0,28.75,-20.25
1959-10-16,9.400001,8.0,28.75,-20.25
1959-11-16,72.5,8.0,28.75,-20.25
1959-12-16,124.3,8.0,28.75,-20.25
1960-01-16,33.3,8.0,28.75,-20.25
1960-02-15,84.0,8.0,28.75,-20.25
1960-03-16,58.0,8.0,28.75,-20.25
1960-04-16,27.7,8.0,28.75,-20.25
1960-05-16,14.7,8.0,28.75,-20.25
1960-06-16,5.3,8.0,28.75,-20.25
1960-07-16,0.8,8.0,28.75,-20.25
1960-08-16,0.0,8.0,28.75,-20.25
1960-09-16,6.6,8.0,28.75,-20.25
1960-10-16,23.1,8.0,28.75,-20.25
1960-11-16,154.8,8.0,28.75,-20.25
1960-12-16,136.90001,8.0,28.75,-20.25
1961-01-16,119.1,8.0,28.75,-20.25
1961-02-15,137.0,8.0,28.75,-20.25
1961-03-16,130.8,8.0,28.75,-20.25
1961-04-16,78.4,8.0,28.75,-20.25
1961-05-16,3.6000001,8.0,28.75,-20.25
1961-06-16,17.800001,8.0,28.75,-20.25
1961-07-16,0.6,8.0,28.75,-20.25
1961-08-16,2.6000001,8.0,28.75,-20.25
1961-09-16,0.4,8.0,28.75,-20.25
1961-10-16,10.0,8.0,28.75,-20.25
1961-11-16,117.3,8.0,28.75,-20.25
1961-12-16,56.9,8.0,28.75,-20.25
1962-01-16,173.0,8.0,28.75,-20.25
1962-02-15,63.8,8.0,28.75,-20.25
1962-03-16,28.300001,8.0,28.75,-20.25
1962-04-16,36.100002,8.0,28.75,-20.25
1962-05-16,0.6,8.0,28.75,-20.25
1962-06-16,0.5,8.0,28.75,-20.25
1962-07-16,0.0,8.0,28.75,-20.25
1962-08-16,0.2,8.0,28.75,-20.25
1962-09-16,0.1,8.0,28.75,-20.25
1962-10-16,1.9,8.0,28.75,-20.25
1962-11-16,202.2,8.0,28.75,-20.25
1962-12-16,200.3,8.0,28.75,-20.25
1963-01-16,89.8,8.0,28.75,-20.25
1963-02-15,124.8,8.0,28.75,-20.25
1963-03-16,15.6,8.0,28.75,-20.25
1963-04-16,70.1,8.0,28.75,-20.25
1963-05-16,0.90000004,8.0,28.75,-20.25
1963-06-16,9.400001,8.0,28.75,-20.25
1963-07-16,0.3,8.0,28.75,-20.25
1963-08-16,0.0,8.0,28.75,-20.25
1963-09-16,3.0,8.0,28.75,-20.25
1963-10-16,42.7,8.0,28.75,-20.25
1963-11-16,47.7,8.0,28.75,-20.25
1963-12-16,112.3,8.0,28.75,-20.25
1964-01-16,91.200005,8.0,28.75,-20.25
1964-02-15,74.700005,8.0,28.75,-20.25
1964-03-16,35.100002,8.0,28.75,-20.25
1964-04-16,7.5,8.0,28.75,-20.25
1964-05-16,2.7,8.0,28.75,-20.25
1964-06-16,2.1000001,8.0,28.75,-20.25
1964-07-16,0.0,8.0,28.75,-20.25
1964-08-16,0.6,8.0,28.75,-20.25
1964-09-16,0.0,8.0,28.75,-20.25
1964-10-16,26.4,8.0,28.75,-20.25
1964-11-16,71.700005,8.0,28.75,-20.25
1964-12-16,246.2,8.0,28.75,-20.25
1965-01-16,76.1,8.0,28.75,-20.25
1965-02-15,21.800001,8.0,28.75,-20.25
1965-03-16,7.6,8.0,28.75,-20.25
1965-04-16,4.3,8.0,28.75,-20.25
1965-05-16,6.1,8.0,28.75,-20.25
1965-06-16,0.5,8.0,28.75,-20.25
1965-07-16,0.0,8.0,28.75,-20.25
1965-08-16,0.0,8.0,28.75,-20.25
1965-09-16,20.9,8.0,28.75,-20.25
1965-10-16,12.5,8.0,28.75,-20.25
1965-11-16,85.4,8.0,28.75,-20.25
1965-12-16,33.8,8.0,28.75,-20.25
1966-01-16,111.3,8.0,28.75,-20.25
1966-02-15,245.2,8.0,28.75,-20.25
1966-03-16,61.0,8.0,28.75,-20.25
1966-04-16,12.0,8.0,28.75,-20.25
1966-05-16,16.0,8.0,28.75,-20.25
1966-06-16,9.900001,8.0,28.75,-20.25
1966-07-16,0.0,8.0,28.75,-20.25
1966-08-16,0.7,8.0,28.75,-20.25
1966-09-16,11.900001,8.0,28.75,-20.25
1966-10-16,4.4,8.0,28.75,-20.25
1966-11-16,61.0,8.0,28.75,-20.25
1966-12-16,184.2,8.0,28.75,-20.25
1967-01-16,180.5,8.0,28.75,-20.25
1967-02-15,219.3,8.0,28.75,-20.25
1967-03-16,17.300001,8.0,28.75,-20.25
1967-04-16,33.100002,8.0,28.75,-20.25
1967-05-16,9.6,8.0,28.75,-20.25
1967-06-16,3.0,8.0,28.75,-20.25
1967-07-16,0.4,8.0,28.75,-20.25
1967-08-16,5.1,8.0,28.75,-20.25
1967-09-16,1.8000001,8.0,28.75,-20.25
1967-10-16,64.4,8.0,28.75,-20.25
1967-11-16,63.0,8.0,28.75,-20.25
1967-12-16,43.2,8.0,28.75,-20.25
1968-01-16,42.9,8.0,28.75,-20.25
1968-02-15,124.1,8.0,28.75,-20.25
1968-03-16,19.800001,8.0,28.75,-20.25
1968-04-16,46.3,8.0,28.75,-20.25
1968-05-16,33.600002,8.0,28.75,-20.25
1968-06-16,0.5,8.0,28.75,-20.25
1968-07-16,0.0,8.0,28.75,-20.25
1968-08-16,0.1,8.0,28.75,-20.25
1968-09-16,0.0,8.0,28.75,-20.25
1968-10-16,22.5,8.0,28.75,-20.25
1968-11-16,66.0,8.0,28.75,-20.25
1968-12-16,151.0,8.0,28.75,-20.25
1969-01-16,117.6,8.0,28.75,-20.25
1969-02-15,61.8,8.0,28.75,-20.25
1969-03-16,226.90001,8.0,28.75,-20.25
1969-04-16,59.100002,8.0,28.75,-20.25
1969-05-16,5.3,8.0,28.75,-20.25
1969-06-16,0.0,8.0,28.75,-20.25
1969-07-16,0.2,8.0,28.75,-20.25
1969-08-16,0.4,8.0,28.75,-20.25
1969-09-16,27.300001,8.0,28.75,-20.25
1969-10-16,103.6,8.0,28.75,-20.25
1969-11-16,95.3,8.0,28.75,-20.25
1969-12-16,170.3,8.0,28.75,-20.25
1970-01-16,17.800001,8.0,28.75,-20.25
1970-02-15,37.5,8.0,28.75,-20.25
1970-03-16,16.4,8.0,28.75,-20.25
1970-04-16,26.5,8.0,28.75,-20.25
1970-05-16,0.0,8.0,28.75,-20.25
1970-06-16,11.8,8.0,28.75,-20.25
1970-07-16,0.4,8.0,28.75,-20.25
1970-08-16,0.0,8.0,28.75,-20.25
1970-09-16,1.7,8.0,28.75,-20.25
1970-10-16,5.5,8.0,28.75,-20.25
1970-11-16,101.5,8.0,28.75,-20.25
1970-12-16,133.1,8.0,28.75,-20.25
1971-01-16,209.6,8.0,28.75,-20.25
1971-02-15,11.1,8.0,28.75,-20.25
1971-03-16,19.9,8.0,28.75,-20.25
1971-04-16,35.3,8.0,28.75,-20.25
1971-05-16,9.3,8.0,28.75,-20.25
1971-06-16,0.1,8.0,28.75,-20.25
1971-07-16,0.0,8.0,28.75,-20.25
1971-08-16,0.0,8.0,28.75,-20.25
1971-09-16,4.2000003,8.0,28.75,-20.25
1971-10-16,34.600002,8.0,28.75,-20.25
1971-11-16,129.2,8.0,28.75,-20.25
1971-12-16,61.5,8.0,28.75,-20.25
1972-01-16,307.30002,8.0,28.75,-20.25
1972-02-15,61.2,8.0,28.75,-20.25
1972-03-16,75.200005,8.0,28.75,-20.25
1972-04-16,50.3,8.0,28.75,-20.25
1972-05-16,8.1,8.0,28.75,-20.25
1972-06-16,0.0,8.0,28.75,-20.25
1972-07-16,0.0,8.0,28.75,-20.25
1972-08-16,0.0,8.0,28.75,-20.25
1972-09-16,4.3,8.0,28.75,-20.25
1972-10-16,24.2,8.0,28.75,-20.25
1972-11-16,50.4,8.0,28.75,-20.25
1972-12-16,67.1,8.0,28.75,-20.25
1973-01-16,113.3,8.0,28.75,-20.25
1973-02-15,52.8,8.0,28.75,-20.25
1973-03-16,17.0,8.0,28.75,-20.25
1973-04-16,12.3,8.0,28.75,-20.25
1973-05-16,6.6,8.0,28.75,-20.25
1973-06-16,1.0,8.0,28.75,-20.25
1973-07-16,0.2,8.0,28.75,-20.25
1973-08-16,0.5,8.0,28.75,-20.25
1973-09-16,14.900001,8.0,28.75,-20.25
1973-10-16,40.100002,8.0,28.75,-20.25
1973-11-16,104.0,8.0,28.75,-20.25
1973-12-16,268.80002,8.0,28.75,-20.25
1974-01-16,264.30002,8.0,28.75,-20.25
1974-02-15,167.8,8.0,28.75,-20.25
1974-03-16,43.2,8.0,28.75,-20.25
1974-04-16,41.5,8.0,28.75,-20.25
1974-05-16,15.3,8.0,28.75,-20.25
1974-06-16,0.0,8.0,28.75,-20.25
1974-07-16,3.9,8.0,28.75,-20.25
1974-08-16,0.2,8.0,28.75,-20.25
1974-09-16,9.2,8.0,28.75,-20.25
1974-10-16,1.6,8.0,28.75,-20.25
1974-11-16,141.40001,8.0,28.75,-20.25
1974-12-16,199.1,8.0,28.75,-20.25
1975-01-16,153.5,8.0,28.75,-20.25
1975-02-15,178.3,8.0,28.75,-20.25
1975-03-16,51.100002,8.0,28.75,-20.25
1975-04-16,32.3,8.0,28.75,-20.25
1975-05-16,13.900001,8.0,28.75,-20.25
1975-06-16,0.6,8.0,28.75,-20.25
1975-07-16,0.0,8.0,28.75,-20.25
1975-08-16,0.7,8.0,28.75,-20.25
1975-09-16,4.0,8.0,28.75,-20.25
1975-10-16,7.9,8.0,28.75,-20.25
1975-11-16,35.9,8.0,28.75,-20.25
1975-12-16,139.90001,8.0,28.75,-20.25
1976-01-16,86.200005,8.0,28.75,-20.25
1976-02-15,111.700005,8.0,28.75,-20.25
1976-03-16,198.5,8.0,28.75,-20.25
1976-04-16,48.4,8.0,28.75,-20.25
1976-05-16,29.7,8.0,28.75,-20.25
1976-06-16,0.1,8.0,28.75,-20.25
1976-07-16,0.0,8.0,28.75,-20.25
1976-08-16,0.0,8.0,28.75,-20.25
1976-09-16,20.4,8.0,28.75,-20.25
1976-10-16,50.5,8.0,28.75,-20.25
1976-11-16,112.0,8.0,28.75,-20.25
1976-12-16,85.1,8.0,28.75,-20.25
1977-01-16,70.700005,8.0,28.75,-20.25
1977-02-15,239.7,8.0,28.75,-20.25
1977-03-16,145.0,8.0,28.75,-20.25
1977-04-16,4.8,8.0,28.75,-20.25
1977-05-16,0.4,8.0,28.75,-20.25
1977-06-16,0.0,8.0,28.75,-20.25
1977-07-16,0.4,8.0,28.75,-20.25
1977-08-16,4.0,8.0,28.75,-20.25
1977-09-16,34.0,8.0,28.75,-20.25
1977-10-16,25.2,8.0,28.75,-20.25
1977-11-16,82.200005,8.0,28.75,-20.25
1977-12-16,270.6,8.0,28.75,-20.25
1978-01-16,209.5,8.0,28.75,-20.25
1978-02-15,217.8,8.0,28.75,-20.25
1978-03-16,87.9,8.0,28.75,-20.25
1978-04-16,81.6,8.0,28.75,-20.25
1978-05-16,31.7,8.0,28.75,-20.25
1978-06-16,7.3,8.0,28.75,-20.25
1978-07-16,0.7,8.0,28.75,-20.25
1978-08-16,1.5,8.0,28.75,-20.25
1978-09-16,15.6,8.0,28.75,-20.25
1978-10-16,92.0,8.0,28.75,-20.25
1978-11-16,75.9,8.0,28.75,-20.25
1978-12-16,94.1,8.0,28.75,-20.25
1979-01-16,106.9,8.0,28.75,-20.25
1979-02-15,69.200005,8.0,28.75,-20.25
1979-03-16,56.100002,8.0,28.75,-20.25
1979-04-16,2.5,8.0,28.75,-20.25
1979-05-16,0.2,8.0,28.75,-20.25
1979-06-16,0.90000004,8.0,28.75,-20.25
1979-07-16,0.6,8.0,28.75,-20.25
1979-08-16,2.7,8.0,28.75,-20.25
1979-09-16,0.2,8.0,28.75,-20.25
1979-10-16,84.1,8.0,28.75,-20.25
1979-11-16,122.4,8.0,28.75,-20.25
1979-12-16,117.700005,8.0,28.75,-20.25
1980-01-16,89.9,8.0,28.75,-20.25
1980-02-15,171.5,8.0,28.75,-20.25
1980-03-16,41.3,8.0,28.75,-20.25
1980-04-16,13.1,8.0,28.75,-20.25
1980-05-16,1.4,8.0,28.75,-20.25
1980-06-16,0.0,8.0,28.75,-20.25
1980-07-16,3.5,8.0,28.75,-20.25
1980-08-16,1.0,8.0,28.75,-20.25
1980-09-16,15.8,8.0,28.75,-20.25
1980-10-16,21.300001,8.0,28.75,-20.25
1980-11-16,190.7,8.0,28.75,-20.25
1980-12-16,93.9,8.0,28.75,-20.25
1981-01-16,253.7,8.0,28.75,-20.25
1981-02-15,214.90001,8.0,28.75,-20.25
1981-03-16,72.9,8.0,28.75,-20.25
1981-04-16,29.4,8.0,28.75,-20.25
1981-05-16,9.1,8.0,28.75,-20.25
1981-06-16,0.0,8.0,28.75,-20.25
1981-07-16,0.0,8.0,28.75,-20.25
1981-08-16,0.5,8.0,28.75,-20.25
1981-09-16,2.2,8.0,28.75,-20.25
1981-10-16,24.2,8.0,28.75,-20.25
1981-11-16,115.0,8.0,28.75,-20.25
1981-12-16,38.100002,8.0,28.75,-20.25
1982-01-16,90.3,8.0,28.75,-20.25
1982-02-15,41.100002,8.0,28.75,-20.25
1982-03-16,24.300001,8.0,28.75,-20.25
1982-04-16,20.7,8.0,28.75,-20.25
1982-05-16,2.9,8.0,28.75,-20.25
1982-06-16,1.6,8.0,28.75,-20.25
1982-07-16,1.3000001,8.0,28.75,-20.25
1982-08-16,4.6,8.0,28.75,-20.25
1982-09-16,3.2,8.0,28.75,-20.25
1982-10-16,96.0,8.0,28.75,-20.25
1982-11-16,66.200005,8.0,28.75,-20.25
1982-12-16,28.300001,8.0,28.75,-20.25
1983-01-16,70.0,8.0,28.75,-20.25
1983-02-15,42.4,8.0,28.75,-20.25
1983-03-16,41.7,8.0,28.75,-20.25
1983-04-16,33.3,8.0,28.75,-20.25
1983-05-16,11.8,8.0,28.75,-20.25
1983-06-16,2.4,8.0,28.75,-20.25
1983-07-16,5.9,8.0,28.75,-20.25
1983-08-16,2.9,8.0,28.75,-20.25
1983-09-16,0.0,8.0,28.75,-20.25
1983-10-16,33.7,8.0,28.75,-20.25
1983-11-16,68.4,8.0,28.75,-20.25
1983-12-16,104.8,8.0,28.75,-20.25
1984-01-16,36.8,8.0,28.75,-20.25
1984-02-15,49.3,8.0,28.75,-20.25
1984-03-16,82.0,8.0,28.75,-20.25
1984-04-16,25.9,8.0,28.75,-20.25
1984-05-16,2.5,8.0,28.75,-20.25
1984-06-16,3.0,8.0,28.75,-20.25
1984-07-16,3.4,8.0,28.75,-20.25
1984-08-16,0.4,8.0,28.75,-20.25
1984-09-16,17.4,8.0,28.75,-20.25
1984-10-16,56.0,8.0,28.75,-20.25
1984-11-16,125.1,8.0,28.75,-20.25
1984-12-16,89.700005,8.0,28.75,-20.25
1985-01-16,205.2,8.0,28.75,-20.25
1985-02-15,110.0,8.0,28.75,-20.25
1985-03-16,40.9,8.0,28.75,-20.25
1985-04-16,4.0,8.0,28.75,-20.25
1985-05-16,9.5,8.0,28.75,-20.25
1985-06-16,0.1,8.0,28.75,-20.25
1985-07-16,2.6000001,8.0,28.75,-20.25
1985-08-16,0.1,8.0,28.75,-20.25
1985-09-16,2.3,8.0,28.75,-20.25
1985-10-16,26.300001,8.0,28.75,-20.25
1985-11-16,31.4,8.0,28.75,-20.25
1985-12-16,147.40001,8.0,28.75,-20.25
1986-01-16,94.0,8.0,28.75,-20.25
1986-02-15,75.200005,8.0,28.75,-20.25
1986-03-16,40.9,8.0,28.75,-20.25
1986-04-16,152.7,8.0,28.75,-20.25
1986-05-16,0.1,8.0,28.75,-20.25
1986-06-16,0.0,8.0,28.75,-20.25
1986-07-16,0.0,8.0,28.75,-20.25
1986-08-16,0.0,8.0,28.75,-20.25
1986-09-16,4.0,8.0,28.75,-20.25
1986-10-16,46.7,8.0,28.75,-20.25
1986-11-16,70.9,8.0,28.75,-20.25
1986-12-16,90.200005,8.0,28.75,-20.25
1987-01-16,105.5,8.0,28.75,-20.25
1987-02-15,51.4,8.0,28.75,-20.25
1987-03-16,16.6,8.0,28.75,-20.25
1987-04-16,0.4,8.0,28.75,-20.25
1987-05-16,1.6,8.0,28.75,-20.25
1987-06-16,0.0,8.0,28.75,-20.25
1987-07-16,0.0,8.0,28.75,-20.25
1987-08-16,0.0,8.0,28.75,-20.25
1987-09-16,0.5,8.0,28.75,-20.25
1987-10-16,38.2,8.0,28.75,-20.25
1987-11-16,95.3,8.0,28.75,-20.25
1987-12-16,280.2,8.0,28.75,-20.25
1988-01-16,87.6,8.0,28.75,-20.25
1988-02-15,218.90001,8.0,28.75,-20.25
1988-03-16,119.1,8.0,28.75,-20.25
1988-04-16,10.5,8.0,28.75,-20.25
1988-05-16,2.6000001,8.0,28.75,-20.25
1988-06-16,12.5,8.0,28.75,-20.25
1988-07-16,1.5,8.0,28.75,-20.25
1988-08-16,1.6,8.0,28.75,-20.25
1988-09-16,0.0,8.0,28.75,-20.25
1988-10-16,48.2,8.0,28.75,-20.25
1988-11-16,50.600002,8.0,28.75,-20.25
1988-12-16,83.1,8.0,28.75,-20.25
1989-01-16,87.4,8.0,28.75,-20.25
1989-02-15,185.3,8.0,28.75,-20.25
1989-03-16,25.800001,8.0,28.75,-20.25
1989-04-16,40.3,8.0,28.75,-20.25
1989-05-16,0.3,8.0,28.75,-20.25
1989-06-16,0.90000004,8.0,28.75,-20.25
1989-07-16,0.0,8.0,28.75,-20.25
1989-08-16,1.0,8.0,28.75,-20.25
1989-09-16,0.3,8.0,28.75,-20.25
1989-10-16,43.8,8.0,28.75,-20.25
1989-11-16,93.700005,8.0,28.75,-20.25
1989-12-16,69.9,8.0,28.75,-20.25
1990-01-16,185.7,8.0,28.75,-20.25
1990-02-15,84.8,8.0,28.75,-20.25
1990-03-16,31.6,8.0,28.75,-20.25
1990-04-16,47.2,8.0,28.75,-20.25
1990-05-16,7.9,8.0,28.75,-20.25
1990-06-16,0.0,8.0,28.75,-20.25
1990-07-16,0.0,8.0,28.75,-20.25
1990-08-16,0.5,8.0,28.75,-20.25
1990-09-16,0.8,8.0,28.75,-20.25
1990-10-16,23.9,8.0,28.75,-20.25
1990-11-16,29.1,8.0,28.75,-20.25
1990-12-16,133.40001,8.0,28.75,-20.25
1991-01-16,131.2,8.0,28.75,-20.25
1991-02-15,101.9,8.0,28.75,-20.25
1991-03-16,167.0,8.0,28.75,-20.25
1991-04-16,0.0,8.0,28.75,-20.25
1991-05-16,1.5,8.0,28.75,-20.25
1991-06-16,0.0,8.0,28.75,-20.25
1991-07-16,0.0,8.0,28.75,-20.25
1991-08-16,0.0,8.0,28.75,-20.25
1991-09-16,0.0,8.0,28.75,-20.25
1991-10-16,16.0,8.0,28.75,-20.25
1991-11-16,92.6,8.0,28.75,-20.25
1991-12-16,56.7,8.0,28.75,-20.25
1992-01-16,99.200005,8.0,28.75,-20.25
1992-02-15,8.8,8.0,28.75,-20.25
1992-03-16,69.1,8.0,28.75,-20.25
1992-04-16,8.8,8.0,28.75,-20.25
1992-05-16,0.2,8.0,28.75,-20.25
1992-06-16,0.0,8.0,28.75,-20.25
1992-07-16,0.0,8.0,28.75,-20.25
1992-08-16,0.0,8.0,28.75,-20.25
1992-09-16,0.0,8.0,28.75,-20.25
1992-10-16,15.5,8.0,28.75,-20.25
1992-11-16,61.3,8.0,28.75,-20.25
1992-12-16,207.8,8.0,28.75,-20.25
1993-01-16,89.0,8.0,28.75,-20.25
1993-02-15,161.7,8.0,28.75,-20.25
1993-03-16,33.8,8.0,28.75,-20.25
1993-04-16,18.800001,8.0,28.75,-20.25
1993-05-16,4.3,8.0,28.75,-20.25
1993-06-16,1.7,8.0,28.75,-20.25
1993-07-16,5.0,8.0,28.75,-20.25
1993-08-16,0.2,8.0,28.75,-20.25
1993-09-16,18.1,8.0,28.75,-20.25
1993-10-16,4.6,8.0,28.75,-20.25
1993-11-16,169.40001,8.0,28.75,-20.25
1993-12-16,105.5,8.0,28.75,-20.25
1994-01-16,77.700005,8.0,28.75,-20.25
1994-02-15,50.9,8.0,28.75,-20.25
1994-03-16,10.0,8.0,28.75,-20.25
1994-04-16,3.6000001,8.0,28.75,-20.25
1994-05-16,3.8,8.0,28.75,-20.25
1994-06-16,0.0,8.0,28.75,-20.25
1994-07-16,0.0,8.0,28.75,-20.25
1994-08-16,0.0,8.0,28.75,-20.25
1994-09-16,0.1,8.0,28.75,-20.25
1994-10-16,60.3,8.0,28.75,-20.25
1994-11-16,34.0,8.0,28.75,-20.25
1994-12-16,93.6,8.0,28.75,-20.25
1995-01-16,73.700005,8.0,28.75,-20.25
1995-02-15,84.9,8.0,28.75,-20.25
1995-03-16,87.200005,8.0,28.75,-20.25
1995-04-16,24.7,8.0,28.75,-20.25
1995-05-16,14.3,8.0,28.75,-20.25
1995-06-16,0.2,8.0,28.75,-20.25
1995-07-16,0.0,8.0,28.75,-20.25
1995-08-16,0.4,8.0,28.75,-20.25
1995-09-16,2.5,8.0,28.75,-20.25
1995-10-16,30.7,8.0,28.75,-20.25
1995-11-16,97.200005,8.0,28.75,-20.25
1995-12-16,126.6,8.0,28.75,-20.25
1996-01-16,262.6,8.0,28.75,-20.25
1996-02-15,156.1,8.0,28.75,-20.25
1996-03-16,18.9,8.0,28.75,-20.25
1996-04-16,1.4,8.0,28.75,-20.25
1996-05-16,19.1,8.0,28.75,-20.25
1996-06-16,0.2,8.0,28.75,-20.25
1996-07-16,2.0,8.0,28.75,-20.25
1996-08-16,0.0,8.0,28.75,-20.25
1996-09-16,1.0,8.0,28.75,-20.25
1996-10-16,8.7,8.0,28.75,-20.25
1996-11-16,119.1,8.0,28.75,-20.25
1996-12-16,121.200005,8.0,28.75,-20.25
1997-01-16,196.2,8.0,28.75,-20.25
1997-02-15,80.200005,8.0,28.75,-20.25
1997-03-16,127.9,8.0,28.75,-20.25
1997-04-16,80.700005,8.0,28.75,-20.25
1997-05-16,9.0,8.0,28.75,-20.25
1997-06-16,0.0,8.0,28.75,-20.25
1997-07-16,0.3,8.0,28.75,-20.25
1997-08-16,0.0,8.0,28.75,-20.25
1997-09-16,6.7000003,8.0,28.75,-20.25
1997-10-16,31.1,8.0,28.75,-20.25
1997-11-16,86.200005,8.0,28.75,-20.25
1997-12-16,53.3,8.0,28.75,-20.25
1998-01-16,205.8,8.0,28.75,-20.25
1998-02-15,32.4,8.0,28.75,-20.25
1998-03-16,36.3,8.0,28.75,-20.25
1998-04-16,7.4,8.0,28.75,-20.25
1998-05-16,0.3,8.0,28.75,-20.25
1998-06-16,0.4,8.0,28.75,-20.25
1998-07-16,0.3,8.0,28.75,-20.25
1998-08-16,0.6,8.0,28.75,-20.25
1998-09-16,0.6,8.0,28.75,-20.25
1998-10-16,6.2000003,8.0,28.75,-20.25
1998-11-16,106.0,8.0,28.75,-20.25
1998-12-16,137.2,8.0,28.75,-20.25
1999-01-16,141.40001,8.0,28.75,-20.25
1999-02-15,162.2,8.0,28.75,-20.25
1999-03-16,63.5,8.0,28.75,-20.25
1999-04-16,9.8,8.0,28.75,-20.25
1999-05-16,1.0,8.0,28.75,-20.25
1999-06-16,0.7,8.0,28.75,-20.25
1999-07-16,3.6000001,8.0,28.75,-20.25
1999-08-16,1.6,8.0,28.75,-20.25
1999-09-16,3.2,8.0,28.75,-20.25
1999-10-16,31.5,8.0,28.75,-20.25
1999-11-16,161.90001,8.0,28.75,-20.25
1999-12-16,77.1,8.0,28.75,-20.25
2000-01-16,219.3,8.0,28.75,-20.25
2000-02-15,229.2,8.0,28.75,-20.25
2000-03-16,133.90001,8.0,28.75,-20.25
2000-04-16,36.4,8.0,28.75,-20.25
2000-05-16,13.400001,8.0,28.75,-20.25
2000-06-16,15.6,8.0,28.75,-20.25
2000-07-16,3.2,8.0,28.75,-20.25
2000-08-16,0.0,8.0,28.75,-20.25
2000-09-16,0.6,8.0,28.75,-20.25
2000-10-16,14.7,8.0,28.75,-20.25
2000-11-16,132.3,8.0,28.75,-20.25
2000-12-16,92.9,8.0,28.75,-20.25
2001-01-16,41.9,8.0,28.75,-20.25
2001-02-15,315.7,8.0,28.75,-20.25
2001-03-16,134.1,8.0,28.75,-20.25
2001-04-16,11.3,8.0,28.75,-20.25
2001-05-16,5.7000003,8.0,28.75,-20.25
2001-06-16,1.1,8.0,28.75,-20.25
2001-07-16,3.9,8.0,28.75,-20.25
2001-08-16,0.1,8.0,28.75,-20.25
2001-09-16,17.1,8.0,28.75,-20.25
2001-10-16,31.2,8.0,28.75,-20.25
2001-11-16,159.0,8.0,28.75,-20.25
2001-12-16,182.5,8.0,28.75,-20.25
2002-01-16,35.4,8.0,28.75,-20.25
2002-02-15,10.0,8.0,28.75,-20.25
2002-03-16,20.9,8.0,28.75,-20.25
2002-04-16,97.8,8.0,28.75,-20.25
2002-05-16,0.1,8.0,28.75,-20.25
2002-06-16,10.7,8.0,28.75,-20.25
2002-07-16,1.0,8.0,28.75,-20.25
2002-08-16,0.0,8.0,28.75,-20.25
2002-09-16,17.5,8.0,28.75,-20.25
2002-10-16,60.0,8.0,28.75,-20.25
2002-11-16,38.5,8.0,28.75,-20.25
2002-12-16,107.200005,8.0,28.75,-20.25
2003-01-16,60.5,8.0,28.75,-20.25
2003-02-15,87.700005,8.0,28.75,-20.25
2003-03-16,102.9,8.0,28.75,-20.25
2003-04-16,4.9,8.0,28.75,-20.25
2003-05-16,9.900001,8.0,28.75,-20.25
2003-06-16,17.6,8.0,28.75,-20.25
2003-07-16,1.0,8.0,28.75,-20.25
2003-08-16,0.1,8.0,28.75,-20.25
2003-09-16,6.0,8.0,28.75,-20.25
2003-10-16,68.8,8.0,28.75,-20.25
2003-11-16,62.100002,8.0,28.75,-20.25
2003-12-16,91.6,8.0,28.75,-20.25
2004-01-16,149.40001,8.0,28.75,-20.25
2004-02-15,134.3,8.0,28.75,-20.25
2004-03-16,162.40001,8.0,28.75,-20.25
2004-04-16,40.5,8.0,28.75,-20.25
2004-05-16,0.5,8.0,28.75,-20.25
2004-06-16,0.1,8.0,28.75,-20.25
2004-07-16,2.0,8.0,28.75,-20.25
2004-08-16,0.0,8.0,28.75,-20.25
2004-09-16,3.6000001,8.0,28.75,-20.25
2004-10-16,62.3,8.0,28.75,-20.25
2004-11-16,16.2,8.0,28.75,-20.25
2004-12-16,132.5,8.0,28.75,-20.25
2005-01-16,139.6,8.0,28.75,-20.25
2005-02-15,50.5,8.0,28.75,-20.25
2005-03-16,61.0,8.0,28.75,-20.25
2005-04-16,6.2000003,8.0,28.75,-20.25
2005-05-16,1.4,8.0,28.75,-20.25
2005-06-16,1.8000001,8.0,28.75,-20.25
2005-07-16,1.8000001,8.0,28.75,-20.25
2005-08-16,0.0,8.0,28.75,-20.25
2005-09-16,0.0,8.0,28.75,-20.25
2005-10-16,0.5,8.0,28.75,-20.25
2005-11-16,85.200005,8.0,28.75,-20.25
2005-12-16,242.40001,8.0,28.75,-20.25
2006-01-16,159.0,8.0,28.75,-20.25
2006-02-15,175.90001,8.0,28.75,-20.25
2006-03-16,94.3,8.0,28.75,-20.25
2006-04-16,48.8,8.0,28.75,-20.25
2006-05-16,3.6000001,8.0,28.75,-20.25
2006-06-16,7.7000003,8.0,28.75,-20.25
2006-07-16,1.3000001,8.0,28.75,-20.25
2006-08-16,0.1,8.0,28.75,-20.25
2006-09-16,3.4,8.0,28.75,-20.25
2006-10-16,27.1,8.0,28.75,-20.25
2006-11-16,143.8,8.0,28.75,-20.25
2006-12-16,111.3,8.0,28.75,-20.25
2007-01-16,70.6,8.0,28.75,-20.25
2007-02-15,57.8,8.0,28.75,-20.25
2007-03-16,53.9,8.0,28.75,-20.25
2007-04-16,49.4,8.0,28.75,-20.25
2007-05-16,3.6000001,8.0,28.75,-20.25
2007-06-16,1.4,8.0,28.75,-20.25
2007-07-16,0.0,8.0,28.75,-20.25
2007-08-16,2.2,8.0,28.75,-20.25
2007-09-16,13.900001,8.0,28.75,-20.25
2007-10-16,30.0,8.0,28.75,-20.25
2007-11-16,131.0,8.0,28.75,-20.25
2007-12-16,192.90001,8.0,28.75,-20.25
2008-01-16,199.3,8.0,28.75,-20.25
2008-02-15,33.9,8.0,28.75,-20.25
2008-03-16,37.7,8.0,28.75,-20.25
2008-04-16,31.5,8.0,28.75,-20.25
2008-05-16,5.2000003,8.0,28.75,-20.25
2008-06-16,0.0,8.0,28.75,-20.25
2008-07-16,0.1,8.0,28.75,-20.25
2008-08-16,0.3,8.0,28.75,-20.25
2008-09-16,0.4,8.0,28.75,-20.25
2008-10-16,1.8000001,8.0,28.75,-20.25
2008-11-16,138.3,8.0,28.75,-20.25
2008-12-16,114.5,8.0,28.75,-20.25
2009-01-16,144.0,8.0,28.75,-20.25
2009-02-15,127.1,8.0,28.75,-20.25
2009-03-16,95.6,8.0,28.75,-20.25
2009-04-16,3.2,8.0,28.75,-20.25
2009-05-16,30.9,8.0,28.75,-20.25
2009-06-16,0.3,8.0,28.75,-20.25
2009-07-16,0.90000004,8.0,28.75,-20.25
2009-08-16,0.0,8.0,28.75,-20.25
2009-09-16,5.0,8.0,28.75,-20.25
2009-10-16,25.7,8.0,28.75,-20.25
2009-11-16,137.8,8.0,28.75,-20.25
2009-12-16,102.9,8.0,28.75,-20.25
2010-01-16,94.700005,8.0,28.75,-20.25
2010-02-15,81.5,8.0,28.75,-20.25
2010-03-16,90.0,8.0,28.75,-20.25
2010-04-16,65.5,8.0,28.75,-20.25
2010-05-16,15.2,8.0,28.75,-20.25
2010-06-16,0.0,8.0,28.75,-20.25
2010-07-16,1.9,8.0,28.75,-20.25
2010-08-16,0.0,8.0,28.75,-20.25
2010-09-16,0.7,8.0,28.75,-20.25
2010-10-16,18.800001,8.0,28.75,-20.25
2010-11-16,99.3,8.0,28.75,-20.25
2010-12-16,150.7,8.0,28.75,-20.25
2011-01-16,141.1,3.0,28.75,-20.25
2011-02-15,111.4,4.0,28.75,-20.25
2011-03-16,53.100002,4.0,28.75,-20.25
2011-04-16,37.8,4.0,28.75,-20.25
2011-05-16,7.9,4.0,28.75,-20.25
2011-06-16,2.7,3.0,28.75,-20.25
2011-07-16,1.1,3.0,28.75,-20.25
2011-08-16,1.4,3.0,28.75,-20.25
2011-09-16,7.1,3.0,28.75,-20.25
2011-10-16,38.8,3.0,28.75,-20.25
2011-11-16,97.700005,3.0,28.75,-20.25
2011-12-16,144.1,2.0,28.75,-20.25
2012-01-16,125.200005,3.0,28.75,-20.25
2012-02-15,114.9,3.0,28.75,-20.25
2012-03-16,62.600002,3.0,28.75,-20.25
2012-04-16,33.100002,3.0,28.75,-20.25
2012-05-16,8.0,2.0,28.75,-20.25
2012-06-16,2.7,2.0,28.75,-20.25
2012-07-16,1.1,4.0,28.75,-20.25
2012-08-16,1.2,2.0,28.75,-20.25
2012-09-16,6.4,3.0,28.75,-20.25
2012-10-16,38.7,3.0,28.75,-20.25
2012-11-16,83.700005,3.0,28.75,-20.25
2012-12-16,122.0,3.0,28.75,-20.25
2013-01-16,148.0,3.0,28.75,-20.25
2013-02-15,102.700005,3.0,28.75,-20.25
2013-03-16,54.600002,3.0,28.75,-20.25
2013-04-16,36.8,2.0,28.75,-20.25
2013-05-16,6.9,3.0,28.75,-20.25
2013-06-16,2.8,4.0,28.75,-20.25
2013-07-16,1.1,4.0,28.75,-20.25
2013-08-16,1.1,2.0,28.75,-20.25
2013-09-16,3.7,4.0,28.75,-20.25
2013-10-16,33.8,5.0,28.75,-20.25
2013-11-16,82.9,3.0,28.75,-20.25
2013-12-16,124.0,3.0,28.75,-20.25
2014-01-16,122.700005,3.0,28.75,-20.25
2014-02-15,104.700005,3.0,28.75,-20.25
2014-03-16,50.8,3.0,28.75,-20.25
2014-04-16,32.7,3.0,28.75,-20.25
2014-05-16,7.2000003,3.0,28.75,-20.25
2014-06-16,2.7,2.0,28.75,-20.25
2014-07-16,1.2,2.0,28.75,-20.25
2014-08-16,1.2,2.0,28.75,-20.25
2014-09-16,7.0,2.0,28.75,-20.25
2014-10-16,36.600002,1.0,28.75,-20.25
2014-11-16,76.6,3.0,28.75,-20.25
2014-12-16,147.3,3.0,28.75,-20.25
2015-01-16,66.4,5.0,28.75,-20.25
2015-02-15,55.2,5.0,28.75,-20.25
2015-03-16,65.0,5.0,28.75,-20.25
2015-04-16,69.5,5.0,28.75,-20.25
2015-05-16,7.0,4.0,28.75,-20.25
2015-06-16,2.4,4.0,28.75,-20.25
2015-07-16,1.2,3.0,28.75,-20.25
2015-08-16,0.3,5.0,28.75,-20.25
2015-09-16,7.3,4.0,28.75,-20.25
2015-10-16,37.9,3.0,28.75,-20.25
2015-11-16,71.8,4.0,28.75,-20.25
2015-12-16,66.1,5.0,28.75,-20.25
2016-01-16,50.600002,4.0,28.75,-20.25
2016-02-15,58.8,5.0,28.75,-20.25
2016-03-16,64.8,5.0,28.75,-20.25
2016-04-16,40.3,4.0,28.75,-20.25
2016-05-16,3.3,3.0,28.75,-20.25
2016-06-16,0.8,4.0,28.75,-20.25
2016-07-16,3.3,4.0,28.75,-20.25
2016-08-16,1.1,4.0,28.75,-20.25
2016-09-16,6.1,2.0,28.75,-20.25
2016-10-16,16.1,5.0,28.75,-20.25
2016-11-16,82.0,5.0,28.75,-20.25
2016-12-16,181.90001,6.0,28.75,-20.25
2017-01-16,248.2,5.0,28.75,-20.25
2017-02-15,165.0,6.0,28.75,-20.25
2017-03-16,68.1,4.0,28.75,-20.25
2017-04-16,35.100002,4.0,28.75,-20.25
2017-05-16,7.7000003,4.0,28.75,-20.25
2017-06-16,0.7,5.0,28.75,-20.25
2017-07-16,1.1,4.0,28.75,-20.25
2017-08-16,0.4,5.0,28.75,-20.25
2017-09-16,1.8000001,4.0,28.75,-20.25
2017-10-16,37.9,1.0,28.75,-20.25
2017-11-16,89.700005,1.0,28.75,-20.25
2017-12-16,127.0,2.0,28.75,-20.25
2018-01-16,124.4,1.0,28.75,-20.25
2018-02-15,126.1,1.0,28.75,-20.25
2018-03-16,58.4,1.0,28.75,-20.25
2018-04-16,33.600002,1.0,28.75,-20.25
2018-05-16,8.0,2.0,28.75,-20.25
2018-06-16,2.7,1.0,28.75,-20.25
2018-07-16,1.2,1.0,28.75,-20.25
2018-08-16,1.2,1.0,28.75,-20.25
2018-09-16,7.2000003,1.0,28.75,-20.25
2018-10-16,35.7,2.0,28.75,-20.25
2018-11-16,87.6,1.0,28.75,-20.25
2018-12-16,129.2,1.0,28.75,-20.25
2019-01-16,131.7,1.0,28.75,-20.25
2019-02-15,112.1,1.0,28.75,-20.25
2019-03-16,57.9,1.0,28.75,-20.25
2019-04-16,35.0,1.0,28.75,-20.25
2019-05-16,8.0,1.0,28.75,-20.25
2019-06-16,2.7,1.0,28.75,-20.25
2019-07-16,1.2,1.0,28.75,-20.25
2019-08-16,1.2,2.0,28.75,-20.25
2019-09-16,7.0,2.0,28.75,-20.25
2019-10-16,35.600002,2.0,28.75,-20.25
2019-11-16,90.700005,2.0,28.75,-20.25
2019-12-16,123.4,2.0,28.75,-20.25
2020-01-16,130.8,1.0,28.75,-20.25
2020-02-15,117.1,2.0,28.75,-20.25
2020-03-16,58.2,1.0,28.75,-20.25
2020-04-16,34.9,1.0,28.75,-20.25
2020-05-16,8.0,1.0,28.75,-20.25
2020-06-16,2.7,1.0,28.75,-20.25
2020-07-16,1.2,1.0,28.75,-20.25
2020-08-16,1.2,1.0,28.75,-20.25
2020-09-16,7.4,1.0,28.75,-20.25
2020-10-16,37.8,1.0,28.75,-20.25
2020-11-16,88.5,1.0,28.75,-20.25
2020-12-16,127.1,1.0,28.75,-20.25
2021-01-16,127.700005,0.0,28.75,-20.25
2021-02-15,119.9,1.0,28.75,-20.25
2021-03-16,57.5,1.0,28.75,-20.25
2021-04-16,33.600002,1.0,28.75,-20.25
2021-05-16,8.0,2.0,28.75,-20.25
2021-06-16,2.5,2.0,28.75,-20.25
2021-07-16,1.2,1.0,28.75,-20.25
2021-08-16,1.2,2.0,28.75,-20.25
2021-09-16,6.5,3.0,28.75,-20.25
2021-10-16,35.4,2.0,28.75,-20.25
2021-11-16,94.4,2.0,28.75,-20.25
2021-12-16,123.8,2.0,28.75,-20.25
2022-01-16,139.0,2.0,28.75,-20.25
2022-02-15,102.4,1.0,28.75,-20.25
2022-03-16,62.3,2.0,28.75,-20.25
2022-04-16,37.3,2.0,28.75,-20.25
2022-05-16,7.8,2.0,28.75,-20.25
2022-06-16,2.5,2.0,28.75,-20.25
2022-07-16,1.3000001,1.0,28.75,-20.25
2022-08-16,1.2,1.0,28.75,-20.25
2022-09-16,6.5,2.0,28.75,-20.25
2022-10-16,36.600002,1.0,28.75,-20.25
2022-11-16,88.5,1.0,28.75,-20.25
2022-12-16,124.3,1.0,28.75,-20.25
2023-01-16,127.700005,0.0,28.75,-20.25
2023-02-15,120.5,1.0,28.75,-20.25
2023-03-16,57.9,1.0,28.75,-20.25
2023-04-16,33.7,1.0,28.75,-20.25
2023-05-16,9.2,1.0,28.75,-20.25
2023-06-16,2.7,1.0,28.75,-20.25
2023-07-16,1.3000001,1.0,28.75,-20.25
2023-08-16,1.2,1.0,28.75,-20.25
2023-09-16,7.0,1.0,28.75,-20.25
2023-10-16,37.3,1.0,28.75,-20.25
2023-11-16,87.6,1.0,28.75,-20.25
2023-12-16,128.2,1.0,28.75,-20.25
